<?xml version="1.0" encoding="UTF-8"?>

<fattura>
    <info>
        <societa>Danubbio</societa>
        <CAP>80030</CAP>
        <citta>Cimitile</citta>
        <provincia>Napoli</provincia>
        <telefono>118</telefono>
    </info>

    <dati>
        <mittente>
            <NFattura> 1323 </NFattura>
            <data>
                <giorno>30</giorno>
                <mese>Febbraio</mese>
                <anno>2020</anno>
            </data>
        </mittente>

        <destinatario>
            <idCliente>2010</idCliente>
            <condizioni>Perchè è troppo figo lui</condizioni>
        </destinatario>
    </dati>

    <prodotti>
        <prodotto>
            <descrizione>Tony stark</descrizione>
            <quantita>10</quantita>
            <prezzoUnitario>1200</prezzoUnitario>
            <importo>12000</importo>
        </prodotto>

        <prodotto>
            <descrizione>Tony stark</descrizione>
            <quantita>10</quantita>
            <prezzoUnitario>1200</prezzoUnitario>
            <importo>12000</importo>
        </prodotto>

        <prodotto>
            <descrizione>Tony stark</descrizione>
            <quantita>10</quantita>
            <prezzoUnitario>1200</prezzoUnitario>
            <importo>12000</importo>
        </prodotto>
    </prodotti>

    <conto>
        <iva>10</iva>
        <subTot>12000</subTot>
        <aliquotaIVA>10</aliquotaIVA>
        <totale>120000</totale>
    </conto>
</fattura>